{"SeriousDlqin2yrs": {"mean": 0.06684, "std": 0.24974553092870277, "min": 0.0, "max": 1.0, "missing_pct": 0.0}, "RevolvingUtilizationOfUnsecuredLines": {"mean": 6.048438054666888, "std": 249.75537062543177, "min": 0.0, "max": 50708.0, "missing_pct": 0.0}, "age": {"mean": 52.295206666666665, "std": 14.77186586310081, "min": 0.0, "max": 109.0, "missing_pct": 0.0}, "NumberOfTime30-59DaysPastDueNotWorse": {"mean": 0.4210333333333333, "std": 4.192781272017265, "min": 0.0, "max": 98.0, "missing_pct": 0.0}, "DebtRatio": {"mean": 353.00507576386985, "std": 2037.8185231443026, "min": 0.0, "max": 329664.0, "missing_pct": 0.0}, "MonthlyIncome": {"mean": 6670.221237392844, "std": 14384.674215282244, "min": 0.0, "max": 3008750.0, "missing_pct": 0.19820666666666667}, "NumberOfOpenCreditLinesAndLoans": {"mean": 8.45276, "std": 5.145950989645247, "min": 0.0, "max": 58.0, "missing_pct": 0.0}, "NumberOfTimes90DaysLate": {"mean": 0.26597333333333334, "std": 4.1693037875989925, "min": 0.0, "max": 98.0, "missing_pct": 0.0}, "NumberRealEstateLoansOrLines": {"mean": 1.01824, "std": 1.1297709848819713, "min": 0.0, "max": 54.0, "missing_pct": 0.0}, "NumberOfTime60-89DaysPastDueNotWorse": {"mean": 0.24038666666666667, "std": 4.155179420982588, "min": 0.0, "max": 98.0, "missing_pct": 0.0}, "NumberOfDependents": {"mean": 0.7572222678605657, "std": 1.1150860714872997, "min": 0.0, "max": 20.0, "missing_pct": 0.02616}}